algorithm,philosophy_weights,philosophy_score,optimized_weights,optimized_score,universal_weights,universal_score,best_profile
Random Baseline,"(0.34,0.33,0.33)",0.433,"(0.15,0.75,0.10)",0.41,"(0.10,0.70,0.20)",0.42000000000000004,Optimized
Shortest Order First,"(0.70,0.15,0.15)",0.38499999999999995,"(0.80,0.10,0.10)",0.36500000000000005,"(0.10,0.70,0.20)",0.48,Optimized
Load Balanced,"(0.15,0.70,0.15)",0.786875,"(0.10,0.10,0.80)",0.6425000000000001,"(0.10,0.70,0.20)",0.7699999999999999,Optimized
Tote-Aware Clustering,"(0.15,0.15,0.70)",0.39875,"(0.80,0.10,0.10)",0.36,"(0.10,0.70,0.20)",0.4699999999999999,Optimized
Wave Batching,"(0.40,0.35,0.25)",0.42687500000000006,"(0.10,0.80,0.10)",0.34625000000000006,"(0.10,0.70,0.20)",0.36,Optimized
